1	A Abdelali	Qatar Computing Research Institute, HBKU
2	A Abdellah	Professeur, Traitement Intelligent de l’Information’ FST Mohammedia
3	A Abubakar	International Islamic University Malaysia
4	A Adib	Professeur, Traitement Intelligent de l’Information’ FST Mohammedia
5	AA Elsayed	Assistant Professor of Computer Science, Faculty of Science, Alexandria University
6	A Ahmed	Weill Cornell Medicine
7	A Alhazmi	Umm Al. Qura University
8	A Alrajeh	KACST
9	A Alvarez	Senior Researcher in Speech Technologies, Vicomtech
10	A Amarnath	IBM Research
11	AAM Elhag	Assistant Professor
12	A Anastasopoulos	Assistant Professor, George Mason University
13	A Araabi	PhD candidate, University of Amsterdam
14	A Arkhangorodsky	DiDi Labs
15	A Armaly	University of Notre Dame
16	A Asai	University of Washington
17	A Awasthi	Indian Institute of Technology Bombay
18	A Baevski	Facebook AI Research
19	A Bansal	University of Notre Dame
20	A Bapna	Software Engineer, Google Brain
21	A Bardet	Head of Research at Atlantique Traduction (Phd in Neural Machine Translation)
22	A Berard	Naver Labs Europe
23	A Bérard	Naver Labs Europe
24	A Berro	LIRIS - Université Claude Bernard Lyon 1
25	A Birch	University of Edinburgh
26	A Bisazza	Assistant Professor, University of Groningen
27	AB NIKULÁSDÓTTIR	Developer, Grammatek ehf.
28	A Branco	University of Lisbon, Faculty of Sciences, Department of Informatics
29	A Budiman	Assistant Professor of Computer Science at Universitas Teknokrat Indonesia
30	A Burchardt	DFKI GmbH, Language Technology Lab
31	A Caines	University of Cambridge
32	A Chernodub	Applied Research Scientist at Grammarly
33	AC Kocabiyikoglu	Calystene
34	AC Le	Ton Duc Thang University, Ho Chi Minh City, Vietnam
35	A Conneau	FAIR / Meta AI
36	A Currey	Amazon Web Services
37	A Daza	Vrije Universiteit Amsterdam
38	AD de Ilarraza	University of the Basque Country
39	A de Gispert	Principal Scientist (Amazon)
40	AD McCarthy	Johns Hopkins University
41	AD Vo	Natural Language Processing, University of Ulsan
42	A Einolghozati	FB
43	A Ekbal	Department of Computer Science and Engineering, IIT Patna, India
44	A Elgohary	Microsoft
45	A El-Kishky	Twitter Cortex
46	A Erdem	Professor of Computer Science, Koç University, Istanbul, Turkey
47	A Eriguchi	Researcher at Microsoft
48	AF Aji	Amazon
49	A Fan	Facebook AI Research, LORIA
50	A Farhadi	Professor, Computer Science and Engineering, University of Washington
51	A Finch	NICT
52	A Fraisse	PhD. Computer Science
53	A Frank	Professor of Computational Linguistics, Heidelberg University
54	A Fraser	Center for Information and Language Processing, University of Munich (LMU)
55	AFT Martins	Carnegie Mellon University and Instituto Superior Tecnico
56	A Fujita	Senior Researcher, National Institute of Information and Communications Technology (NICT), Japan
57	A Garcia	expert.ai
58	A Garg	UC Davis, IIT Delhi
59	A Góis	PhD student — Mila / University of Montreal
60	A Grissom II	Haverford College
61	A Guessoum	Professor of Computer science, University of Science and Technology Houari Boumediene, Algiers
62	A Habib	Professeur habilité, informatique, Université Hassan II de Casablanca
63	A Han	腾讯（北京）
64	A Idrissi-Yaghir	Unknown affiliation
65	A Ittoo	Univ of Liège
66	A Jatowt	Kyoto University -> University of Innsbruck
67	A Jones	Student, Dartmouth College
68	AJ Yepes	School of Computing Technologies, RMIT University
69	A Karakanta	Fondazione Bruno Kessler (FBK) / University of Trento
70	A Katinskaia	University of Helsinki
71	A Katz	Assistant Professor, Virginia Tech
72	AKN Ho	Laboratoire Interdisciplinaire des Sciences du Numérique
73	AK Ojha	University of Galway
74	A Krüger	Saarland University, DFKI, Saarland Informatics Campus
75	A Kumar	Optum Global Services India Pvt Ltd
76	A Kunchukuttan	Microsoft Translator
77	A Kyrillidis	Assistant Professor, Computer Science Department, Rice University
78	A LeClair	The University of Notre Dame
79	A Lertpiya	Research Engineer, Kasikorn Labs Co. Ltd, KBTG
80	AL Jakobsen	Professor of translation & translation technology, CBS
81	AL Korhonen	Professor, Computer Science and Linguistics, University of Cambridge
82	A Lopes	Universidad de La Serena
83	A Martins	Carnegie Mellon University and Instituto Superior Tecnico
84	A Mazroui	Professor, Faculty of Sciences – Mohammed First University (Oujda Morocco)
85	A Mazzei	Researcher, University of Turin
86	AM Cretu	Imperial College London
87	A Menezes	Microsoft Research
88	A Meyers	Associate Clinical Professor, New York University
89	AM Gezmu	PhD candidate, Otto-von-Guericke-Universität Magdeburg & Hawassa University
90	A Mishra	ML Scientist, Apple Inc.
91	A Miura	Atid Ltd., Japan
92	A Montejo-Ráez	Associate Professor, Universidad de Jaén
93	A Moschitti	Principal Scientist at Amazon Alexa
94	A Mosquera	Broadcom
95	A Moudgil	Mila, Concordia University
96	AM Rush	Associate Professor, Cornell University
97	A Nagesh	Staff Research Scientist, DiDi AI Labs
98	A Névéol	CNRS
99	A Nowakowski	Adam Mickiewicz University
100	AN Rafferty	Assistant Professor, Carleton College
101	A Nürnberger	Professor of Data and Knowledge Engineering, Otto-von-Guericke-Universität Magdeburg
102	A Oboturov	Unknown affiliation
103	AO González	Universitat Oberta de Catalunya
104	A Oliver	Universitat Oberta de Catalunya
105	A Oncevay	University of Edinburgh
106	A Pagano	Universidade Federal de Minas Gerais
107	AP Azad	Senior Research Scientist, IBM Research Lab
108	APB Veyseh	university of Oregon
109	A Peris	ML Engineer at Cushion.ai
110	Á Peris	ML Engineer at Cushion.ai
111	A Poncelas	DCU
112	A Popescu-Belis	Professor at HEIG-VD (HES-SO) - Senior Scientist at EPFL
113	AP Parikh	Staff Research Scientist at Google
114	A Pym	Professor of Translation and Intercultural Studies, Universitat Rovira i Virgili
115	A Rafea	American University in Cairo
116	A Raganato	University of Milano-Bicocca
117	AR Ali	Machine Learning Scientist
118	A Ramesh	MS in Computing ( Research area - Machine Translation)
119	A Ravichander	Carnegie Mellon University
120	AR Elmadany	The University of British Columbia
121	A Rios	Postdoc, University of Zurich
122	AR Khan	Stevens Institute of Technology
123	A Rouhe	PhD Student, Aalto University
124	A Rozovskaya	Assistant Professor, Queens College, CUNY
125	A Rücklé	Amazon
126	A Runge	Duolingo
127	A Salimbajevs	Researcher, Latvian University and Tilde
128	A Schmaltz	Harvard University
129	A Sengupta	Indraprastha Institute of Information Technology
130	A Severyn	Google
131	A Shankhdhar	Undergraduate Student, IIT Guwahati
132	A Sharma	Amazon
133	A Siddhant	Google
134	A Sinitsin	Yandex
135	A Slobodkin	PhD student @Bar Ilan University
136	A Sokolov	Research Scientist, Google & Heidelberg University
137	A Solyman	Doctor of Engineering
138	AS Rotaru	Data Scientist - Arthur D. Little
139	A Sucipto	Universitas Islam Nahdlatul Ulama (UNISNU) Jepara
140	A Suri	PhD Candidate, University of Virginia
141	A Tabassum	Oak Ridge National Laboratory, Virginia Tech
142	A Talman	Doctoral Researcher, University of Helsinki
143	A Tamchyna	Memsource
144	A Tavast	Institute of the Estonian Language
145	AT Aw	Aw Ai Ti
146	A Tawfik	Microsoft
147	A Tebbifakhr	Unknown affiliation
148	A Tezcan	Senior Researcher, LT3, Ghent University
149	A Toral	Assistant Professor, University of Groningen
150	A Trewartha	Postdoctoral Researcher, Lawrence Berkeley National Laboratory
151	A Vasiļjevs	Tilde
152	A Verma	Professor, Oncology, Albert Einstein College of Medicine, Montefiore Medical Center
153	AV Hujon	St. Anthony's College, Shillong
154	AV Lopes	Unbabel/INESC-ID
155	AVM Barone	the University of Edinburgh
156	AV Miceli Barone	the University of Edinburgh
157	AV Miceli-Barone	the University of Edinburgh
158	A Wahid	Maulana Azad National Urdu University (A Central University), Hyderabad
159	A Waibel	Carnegie Mellon, KIT, Karlsruhe Institute of Technology, University of Karlsruhe
160	A Wang	PhD student at New York University
161	A Way	ADAPT Centre, Dublin City University
162	A Williams	Research Scientist, Fundamental Artificial Intelligence Research (Meta Platforms Inc.)
163	A Yamada	Creighton University
164	AY Ng	Stanford University
165	A Yuan	Stanford University
166	A Zaninello	University of Bolzano / Fondazione Bruno Kessler
167	B Alhafni	New York University
168	B Alshemali	Taibah University, University of Colorado Colorado Springs
169	B Athiwaratkun	Amazon AI Scientist
170	B Benatallah	DCU, Dublin
171	B Byrne	Professor in Information Engineering, Cambridge University
172	BC Figueras	Barcelona Supercomputing Center
173	B Chen	Alibaba Group
174	B Chen	University of Science and Technology of China
175	B Citamak	Msc. @Hacettepe University
176	B Dillon	Assistant Professor of Linguistics, University of Massachusetts, Amherst
177	B Ding	Nanyang Technological University, Alibaba Group DAMO Academy
178	BE Batsukh	Teacher at Department of Computer Programming, University of the Humanities
179	B Haddow	University of Edinburgh
180	B Hettige	Faculty of Computing, General Sir John Kotelawala Defence University
181	B Hu	Tencent
182	B Huet	Median Technologies
183	B Ji	Tencent
184	B Jung	Department of Computer Science and Engineering, POSTECH
185	B Krojer	MILA - Quebec Artificial Intelligence Institute
186	BLD Bezerra	Universidade de Pernambuco
187	B Li	Professor of National Laboratory of Pattern Recognition, Institute of Automation, Chinese
188	B Li	Alibaba
189	B Li	Northeastern University（China）
190	B Liu	National University of Singapore, previously Stanford University and Baidu Research
191	B Liu	Distinguished Professor, University of Illinois at Chicago
192	B Mak	Professor of Computer Science, the Hong Kong University of Science and Technology
193	B Marie	4i
194	B Martins	Instituto Superior Técnico and INESC-ID, University of Lisbon
195	B Minhas	Student, IIT Guwahati
196	B O'Connor	University of Massachusetts Amherst
197	BR Chakravarthi	Assistant Professor / Lecturer-Above-the-Bar, School of Computer Science, University of Galway
198	B Ren	Nankai University
199	B Thompson	Amazon
200	B Twardowski	Computer Vision Center, UAB
201	B Van Durme	Johns Hopkins University; Microsoft Semantic Machines
202	B Vo	Ho Chi Minh City University of Technology (HUTECH), Ho Chi Minh, Viet Nam
203	B Webber	Professor, School of Informatics, University of Edinburgh
204	B Wu	Meta Reality Labs, UC Berkeley
205	B Yang	Alibaba DAMO Academy
206	BY Lin	University of Southern California
207	B Zhang	DiDi Labs
208	B Zhang	University of Edinburgh
209	B Zhang	Alibaba Group
210	B Zheng	Harbin Institute of Technology
211	CA Iglesias	Universidad Politécnica de Madrid
212	C Alberti	google.com
213	C Amrhein	University of Zurich
214	C Beck	Professor of Mechanical and Industrial Engineering, University of Toronto
215	C Bhagavatula	Allen Institute for Artificial Intelligence
216	C Bryant	Research Associate, University of Cambridge
217	C Buck	Google Research
218	C Callison-Burch	Associate Professor, University of Pennsylvania
219	C Canfora	University of Mainz / FTSK Germersheim
220	C Cardie	Professor of Computer Science, Cornell University
221	C Chelba	Research Scientist, Google
222	C Chen	Senior Lecturer at Faculty of Information Technology, Monash University
223	C Cherry	Google Research
224	C Chu	Kyoto University
225	CC Leung	Singapore R&D Centre, Alibaba Inc.
226	C Conforti	PhD Candidate in Natural Language Processing, University of Cambridge
227	C Davis	University of Cambridge
228	C Dhakal	University of Georgia
229	CDV Hoang	Applied Scientist at Oracle
230	CE González-Gallardo	La Rochelle Université
231	C Escolano	Polytechnic University of Catalonia. Barcelona
232	C Escolano Peinado	Polytechnic University of Catalonia. Barcelona
233	C Federmann	Principal Research Manager, Microsoft Translator
234	C Gao	Harbin Institute of Technology (Shenzhen)
235	C Gómez-Rodríguez	Universidade da Coruña, CITIC
236	C Gong	University of Texas at Austin
237	C Grozea	Researcher, Fraunhofer Institute FOKUS
238	C Hadiwinoto	Engineer, Shopee
239	CH Ao	NLP2CT
240	C Hardmeier	Associate Professor, IT University of Copenhagen/Uppsala University
241	C Hokamp	Senior Research Scientist at AYLIEN
242	C Holtz	UC San Diego
243	C Ke	Purdue University
244	C Kedzie	Senior Researcher, Microsoft Semantic Machines
245	C Kirov	Johns Hopkins University
246	CK Lim	Lecturer
247	C Lawrence	NEC Laboratories Europe
248	C Lee	Ph.D. student, Korea University
249	C Li	Alibaba
250	C Li	School of Cyber Science and Engineering, Wuhan University
251	C Li	Xiaomi
252	C Lo	National Research Council Canada
253	C Ma	Fujitsu LTD.
254	C McMillan	University of Notre Dame
255	C Meister	ETH Zürich
256	CM Hokamp	Senior Research Scientist at AYLIEN
257	C Monz	Professor of Computer Science, University of Amsterdam
258	C Napoles	Grammarly
259	C Napoles-Cohen	Grammarly
260	C Niklaus	University of St.Gallen
261	C Oravecz	European Commission, Directorate-General for Translation
262	C Park	Upstage AI, Korea University
263	C Parra Escartín	Global Program Manager, RWS Language Weaver
264	C Polpanumas	Amazon
265	C Quirk	Researcher, Microsoft Research
266	C Reale	Draper
267	CR Rahman	PhD student at NUS
268	C Sabty	Lecturer at the German International University in Cairo
269	C Scarton	Lecturer in Natural Language Processing, NLP group / GATE group, University of Sheffield
270	C Shao	Institute of Computing Technology, Chinese Academy of Sciences
271	C Stab	formerly UKP Lab, Technische Universität Darmstadt
272	C Tran	Facebook AI
273	C van der Lee	Tilburg University
274	C Wang	Meta AI (FAIR)
275	C Wang	6Estates
276	C Wang	Computer science, Harbin institute of technology
277	C Welch	University of Marburg
278	CW Hang	AWS AI Labs
279	C Xiong	Salesforce Research
280	C Xu	Northeastern University
281	C Xu	UC San Diego
282	C Xu	Senior Researcher, Microsoft Research Asia
283	CX Zhai	University of Illinois at Urbana-Champaign
284	CY Huang	Penn State University
285	C Yuan	University of Manchester
286	C Zheng	Technical Specialist, The Open University of China
287	C Zhou	Carnegie Mellon University
288	C Zong	Institute of Automation, Chinese Academy of Sciences
289	D Alikaniotis	Grammarly
290	D Alves	Researcher, Faculty of Humanities and Social Sciences, University of Zagreb
291	D Ataman	New York University
292	D Banik	Indian Institute of Technology Patna
293	D Batra	Georgia Tech and Facebook AI Research
294	D Bollegala	Professor, The University of Liverpool, DMML, Amazon.com
295	D Cer	Research Scientist, Google Research
296	D Chiang	Associate Professor, University of Notre Dame
297	D Deksne	Tilde
298	D Duckworth	Google Research, Berlin
299	D Edmiston	Amazon Web Services
300	D Elliott	Assistant Professor, University of Copenhagen
301	D Emelin	PhD Student, ILCC, School of Informatics, The University of Edinburgh
302	DF Wong	Associate Professor, Department of Computer and Information Science, University of Macau
303	D Gildea	Professor of Computer Science, University of Rochester
304	D Grangier	Google Brain
305	D Guzmán	Docente-Investigador, Departamento de Propiedad Intelectual, Universidad Externado de Colombia
306	D He	Peking University
307	D Jiang	腾讯优图实验室
308	D Jurkiewicz	Applica.ai, Adam Mickiewicz University
309	D Kiela	Head of Research, Hugging Face
310	D Lawrie	Senior Research Scientist, Johns Hopkins University, Human Language Technology Center of Excellence
311	D Lee	Generable
312	D Lee	Massachusetts Eye and Ear Infirmary
313	D Lewis	Trinity College Dublin, Universtiy College London
314	D Lo	Professor of Computer Science, Singapore Management University
315	D Macháček	Charles University
316	D Marecek	Institute of Formal and Applied Linguistics, Charles University in Prague
317	D Mareček	Institute of Formal and Applied Linguistics, Charles University in Prague
318	D Meurers	Professor of Computational Linguistics, Universität Tübingen
319	D Mirylenka	Google Research
320	D Mouratidis	Research Fellow in Ionian University- PhD in Computer Science
321	D Munkova	Dasa Klocokova
322	D Nikolaev	Post-doc, IMS, University of Stuttgart
323	D Pająk	Wroclaw University of Science and Technology
324	D Paperno	Utrecht University
325	D Parikh	Georgia Tech, Facebook AI Research
326	D Povey	Chief Speech Scientist, Xiaomi Corp.
327	D Roth	Professor of Computer Science, University of Pennsylvania
328	DR Rakhimova	Al-Farabi Kazakh National University
329	D Ruiter	PhD student, Saarland University
330	D Saunders	RWS Language Weaver
331	D Shterionov	Tilburg University
332	D Stojanovski	Microsoft
333	D Tao	The University of Sydney
334	D Torregrosa	Postdoctoral researcher in Insight Centre for Data Analytics / Data Science Institute
335	D Torregrosa Rivero	Postdoctoral researcher in Insight Centre for Data Analytics / Data Science Institute
336	DT Wijaya	Boston University
337	D Varis	research assistant, Charles University, Institute of Formal and Applied Linguistics
338	D Variš	research assistant, Charles University, Institute of Formal and Applied Linguistics
339	D Vilar	Senior Research Scientist, Google
340	DV Tran	The Institute of Statistical Mathematics, Japan
341	D Wan	University of North Carolina Chapel Hill
342	D Wang	Research Scientist@Rakuten
343	D Wei	Engineer, 2012 Lab, Huawei Co. LTD
344	D Wijaya	Boston University
345	D Wu	Microsoft
346	D Xiong	Professor, College of Intelligence and Computing, Tianjin University, China
347	D Yang	Shandong University of Architechture and Engineering
348	D Yogatama	DeepMind
349	D Zhang	Microsoft Research Asia
350	D Zhao	Peking University
351	E Agirre	Full Professor, Director HiTZ, IXA, University of the Basque Country, Assoc. Researcher (sherpa.ai)
352	EA Olivetti	Massachusetts Institute of Technology
353	E Avramidis	Senior Researcher at German Research Center for Artificial Intelligence (DFKI)
354	E Bektaş	TÜBİTAK
355	E Blanco	Unviersity of Arizona
356	E Cabrio	Université Côte d’Azur, Inria, CNRS, I3S, France
357	E Cambria	Associate Professor, NTU Singapore
358	E Chatzikoumi	Universidad de las Américas
359	E Chen	University of Science and Technology of China
360	E Cho	Amazon, Alexa AI
361	E Choi	The University of Texas at Austin
362	E Chuangsuwanich	Chulalongkorn University
363	E Cohen	University of Toronto
364	E Cohen-Karlik	Tel Aviv University
365	E Erdem	Associate Professor of Computer Science, Hacettepe University
366	E Grave	Research Scientist, Facebook
367	E Hasler	Amazon Translate
368	E Lapshinova-Koltunski	Saarland University
369	E Liscio	PhD researcher at TU Delft
370	E Malmi	Research Scientist, Google Zürich
371	E Matusov	AppTek
372	EMB Nagoudi	The University of British Columbia
373	EM Nebot	Universitat Jaume I
374	EM Ponti	University of Edinburgh / University of Cambridge
375	E Pettersson	postdoc in computational linguistics, Uppsala University
376	E Pitler	Google
377	E Ponti	University of Edinburgh / University of Cambridge
378	E Rabinovich	IBM Research
379	E Raiteri	Assistant Professor, TU/e
380	E Razumovskaia	University of Cambridge
381	E Rippeth	PhD Student, University of Maryland
382	E Salesky	PhD Student, Johns Hopkins University
383	ES Chng	Nanyang Technological University
384	E Shi	Xi'an Jiaotong University
385	ES Kim	Assistant Professor of CS, Hanyang University
386	E Sumita	NICT (National Institute of Information and Communications Technology)
387	E Svoboda	Computational linguist, Charles University
388	E Turcan	Graduate Student, Department of Computer Science, Columbia University
389	E Vanmassenhove	Assistant Professor at Tilburg University
390	E Van Miltenburg	Tilburg University
391	E Voita	University of Edinburgh
392	E Volodina	Research Engineer, University of Gothenburg
393	E Vylomova	University of Melbourne
394	E Zotova	Researcher at Vicomtech & University of the Basque Country
395	FA Costa	Universidade Federal de Minas Gerais
396	FA Khan	International Islamic University Malaysia
397	F Akhbardeh	Rochester Institute of Technology
398	F Alva-Manchego	Lecturer, Cardiff University
399	F Alves	Universidade Federal de Minas Gerais
400	F Azouaou	École supérieure en Sciences et Technologies de l'Informatique et du Numérique
401	F Batista	Iscte - Instituto Universitário de Lisboa and INESC-ID
402	F Blain	Lecturer at University of Wolverhampton
403	F Bougares	Associate Professor, University of Le Mans
404	F Carlsson	Researcher, Research Institutes of Sweden
405	F Carmo	Senior Lecturer, Centre for Translation Studies, University of Surrey
406	F Casacuberta	Professor of Computer Science, PRHLT, Polytechnic University of Valencia
407	F Chin	The University of Hong Kong
408	F Christian	Principal Research Manager, Microsoft Translator
409	F Dalvi	Qatar Computing Research Institute
410	F Dernoncourt	NLP/ML Researcher. MIT PhD.
411	F do Carmo	Senior Lecturer, Centre for Translation Studies, University of Surrey
412	F Do Carmo	Senior Lecturer, Centre for Translation Studies, University of Surrey
413	FE Alva Manchego	Lecturer, Cardiff University
414	F Fancellu	3M, Dublin
415	F Gao	Bytedance
416	F Ginter	University of Turku
417	F Guzmán	Research Scientist - Facebook AI
418	F Hieber	Manager Machine Learning, Amazon
419	F Khan	Higher Colleges of Technology
420	F Klubička	PhD Student, Technological University Dublin
421	F Ladhak	Columbia University
422	F Li	AI Lab, NetEase
423	F Marcello	AWS AI Labs
424	F Martelli	PhD Student, Sapienza University of Rome
425	F Meng	WeChat AI, Tencent
426	F Metze	Carnegie Mellon University; FACEBOOK
427	F Meziane	Professor of Data Science, University of Derby
428	FM Federici	Professor of Intercultural Crisis Communication, University College London
429	F Sadat	Université du Québec à Montréal (UQAM)
430	F Saleh	Oracle
431	F Sánchez‐Martínez	Associate Professor, Dept. of Software and Computing Systems, Universitat d'Alacant (Spain)
432	F Soares	NVIDIA
433	F Stahlberg	Google Research
434	F Tian	Facebook
435	F Wang	antfin
436	F Wang	University of Southern California
437	F Wei	Partner Research Manager, Microsoft Research
438	F Wu	Professor of Computer Science, Zhejiang University
439	FYL Chin	The University of Hong Kong
440	F Yvon	LISN/CNRS
441	G Anbarjafari	Professor of Computer Vision/Director and Chief Data Scientist/Cofounder and Chief Innovation
442	G Barzdins	University of Latvia
443	G Bingham	Ph.D. Candidate at The University of Texas at Austin
444	G Blackwood	IBM Research
445	G Campagna	Unknown affiliation
446	G Donaj	University of Maribor
447	GE Dahl	Google Inc.
448	G Foster	Research Scientist, Google Inc.
449	G Garrido	Google
450	G Glavaš	Professor (Chair for Natural Language Processing, Informatik XII), University of Würzburg
451	GG Lee	professor of  computer science and enginnering, postech 
452	GG Şahin	Assistant Professor, Koç University
453	GH Abrego	Google
454	G Hacohen	PhD student, Hebrew University of Jerusalem
455	G Haffari	Professor, DSAI Dept, Monash University
456	G He	TU Delft
457	G Iglesias	Senior Research Scientist at SDL Cambridge
458	G Klein	Research engineer at SYSTRAN
459	G Kovacs	Stanford University
460	G Kumar	Research Scientist, Bloomberg AI
461	G Labaka	HiTZ Center - Ixa, University of the Basque Country UPV/EHU
462	G Lample	Research Scientist, Facebook AI Research
463	G Li	Harbin Institute of Technology
464	GM Buy Wenniger	Postdoctoral Researcher, University of Groningen
465	GM Correia	Instituto de Telecomunicações
466	G Minnema	PhD student, University of Groningen
467	GMMA Correia	Instituto de Telecomunicações
468	G Moro	Dept. of Computer Science and Engineering - University of Bologna, Cesena
469	GM Rosa	Unicamp
470	G Neubig	Associate Professor of Computer Science, Carnegie Mellon University
471	G Paetzold	Adjunct Professor at the Federal University of Technology - Paraná
472	G Ramesh	UW-Madison
473	G Ramírez‐Sánchez	CEO at Prompsit Language Engineering, computational linguist
474	G Rehm	Principal Researcher and Research Fellow, DFKI GmbH
475	G Rigau	Deputy Director of HiTZ, IXA Research Group, Associate professor, University of the Basque Country
476	G Rocha	Artificial Intelligence and Computer Science Lab (LIACC), University of Porto (FEUP)
477	G Tambouratzis	Institute for Language and Speech Processing
478	G Tang	Researcher at Uppsala University
479	G Vernikos	PhD Student, EPFL and HEIG-VD
480	G Wang	Nankai University
481	G Wenzek	Facebook
482	G Xie	Dublin City University
483	G Zhou	Soochow University, China
484	G Zhou	PhD Student, Univeristy of Edinburgh
485	H Adel	Bosch Center for Artificial Intelligence
486	HA Hosni Mahmoud	Princess Nourah bint Abdulrahman University
487	HA Khojasteh	Charles University, Prague, Czech Republic
488	H Aljuaid	Princess Nourah bint Abdulrahman University (pnu)
489	HA Mengash	Princess Nourah bint Abdulrahman University, College of Computer and Information Sciences, Dep. of
490	HA Wibowo	AI Researcher
491	H Ayad	Professeur habilité, informatique, Université Hassan II de Casablanca
492	H Bouamor	Associate Professor of Information Systems, Carnegie Mellon University in Qatar
493	H Cao	School of Computing, National University of Singapore
494	H Chen	Northeastern University
495	H Chen	DAMO Academy, Alibaba Group Singapore R&D (阿里巴巴达摩院新加坡研发中心)
496	H Chi	qingdao
497	H Eldardiry	Virginia Tech
498	H Fei	Baidu Research USA
499	H Gong	Facebook AI Research
500	H Guo	Chinese University of Hong Kong
501	H Haagsma	University of Groningen
502	H Han	Odd Concepts
503	H Hassan	Microsoft Research
504	HH Chen	Professor of Computer Science, National Taiwan University
505	HH Huang	Institute of Information Science, Academia Sinica, Taiwan
506	H Hoang	Microsoft
507	H Huang	Microsoft Research Asia
508	H Huo	Department of Material Science and Engineering, University of California at Berkeley
509	H Isahara	Otemon Gakuin University
510	H Kaing	National Institute of Information and Communications Technology (NICT)
511	H Kamigaito	Tokyo Institute of Technology
512	H Khalajzadeh	Monash University
513	H Khan	Amazon Alexa
514	H Khayrallah	Microsoft
515	H Kim	Ph.D.,  Artificial Intelligence Research Laboratory, ETRI
516	HL Cardoso	Department of Informatics Engineering, Faculty of Engineering of the University of Porto
517	H Li	JD AI Research
518	H Li	The Chinese University of Hong Kong, Shenzhen, China; NUS, Singapore
519	H Lim	Seoul National University
520	H Lim	Professor of computer science & eng., Korea University
521	H Lin	USTC
522	H Lin	Chief Scientist of LAIX; former Research Scientist at Google
523	H Liu	Peking University
524	H Liu	Michigan State University
525	HL Trieu	AIST
526	H Mino	NHK
527	H Moniz	CLUL/INESC-ID & FLUL, University of Lisbon
528	H Ney	RWTH Aachen University
529	H Pedrini	Institute of Computing, University of Campinas
530	H Peng	University of Washington
531	H Peng	Alibaba Group
532	H Purohit	Associate Professor, Information Sciences & Technology, George Mason University
533	HR Wei	Alibaba DAMO Academy
534	HSAAN Durrani	Senior Scientist, QCRI, HBKU
535	H Sajjad	Faculty of Computer Science, Dalhousie University
536	HS Arslan	PhD student of Computer Science, Tartu University
537	H Schmid	Associate Professor, Ludwig-Maximilians-Universität München
538	H Schwenk	Research scientist, Facebook, and professor of Computer Science
539	H Shang	Unknown affiliation
540	H Shi	Peking University; Carnegie Mellon University; Amazon
541	HS Singh	Los Alamos National Labs
542	H Strobelt	IBM Research / MIT-IBM Watson AI Lab
543	H Sujaini	Associated Professor, Tanjungpura University
544	H Sun	Peking University
545	H Sun	JD AI Research
546	H Takamura	Professor, Tokyo Institute of Technology
547	H Tian	Baidu Research
548	HT Madabushi	Lecturer (Assistant Professor) in Artificial Intelligence, University of Bath
549	HT Ng	Provost's Chair Professor of Computer Science, National University of Singapore
550	H Wang	Peking University
551	H Wu	Baidu NLP
552	H Xia	MOE Key Laboratory of Computational Linguistics, Peking University
553	H Xiong	Alibaba
554	H Xu	Computer Science, Fudan University
555	H Xu	NVIDIA
556	H Xu	Johns Hopkins University
557	H Xu	Saarland University / German Research Center for Artificial Intelligence
558	H Yanaka	The University of Tokyo, RIKEN
559	H Yang	International Digital Economy Academy (IDEA)
560	H Yannakoudakis	Lecturer, King’s College London
561	H Yeo	Dept. of Civil and Enviromental Eng., KAIST
562	H Ying	Tsinghua University
563	H Yu	Staff Engineer, Alibaba DAMO Academy
564	H Yun	grad student, Seoul National University
565	H Zhang	alibaba
566	H Zhao	Shanghai Jiao Tong University
567	H Zhou	Insititute for AI Industry Research, Tsinghua University
568	I Adebara	University of British Columbia
569	I Calapodescu	Senior Scientist, Naver Labs Europe
570	I Calixto	Assistant Professor, AUMC, University of Amsterdam
571	I Campiotti	Unicamp
572	I Caswell	Researcher, Google Translate
573	I Chung	Texas A&M University
574	ID El-Kahlout	TRT
575	I Ezeani	Senior Research Associate, Lancaster University, UK
576	I Garrido-Muñoz	Universidad de Jaén
577	I Goenaga	Profesor de Informática (UPV)
578	I Goto	NHK, Principal research engineer
579	I Guellil	Aston University
580	I Gurevych	Professor of Computer Science, Technische Universität Darmstadt
581	I Gusev	Moscow Institute of Physics and Technology
582	I King	The Chinese University of Hong Kong
583	I Ovchinnikova	Manpower Language Solution, Israel
584	I Skadiņa	Tilde; Institute of Mathematics and Computer Science, University of Latvia
585	I Skubis	Silesian University of Technology
586	I Temnikova	"Big Data for Smart Society" Institute, GATE
587	I Titov	University of Edinburgh / University of Amsterdam
588	I Vulic	Senior Research Associate, University of Cambridge & PolyAI
589	I Vulić	Senior Research Associate, University of Cambridge & PolyAI
590	I Zeroual	Assistant Professor, Moulay Ismail University
591	J Alabi	Saarland University
592	JA Pérez-Ortiz	Lecturer and researcher, Universitat d'Alacant, Spain
593	JAR Fonollosa	Professor, Universitat Politècnica de Catalunya
594	J Armengol Estapé	University of Edinburgh
595	J Armengol-Estapé	University of Edinburgh
596	JB Delbrouck	Postdoctoral Scholar
597	J Bingel	University of Copenhagen
598	J Bjerva	Associate Professor, Department of Computer Science, Aalborg University
599	J Bos	Professor of Computational Semantics, University of Groningen
600	J Boyd-Graber	Associate Professor, University of Maryland
601	J Bulian	Google
602	JB Yunès	Associate professor of Computer Science, Paris Diderot University
603	J Camacho-Collados	Cardiff University
604	J Cao	University of Utah
605	JCB Cruz	Samsung Research Philippines
606	J Crego	Head of Research at SYSTRAN
607	J Cross	Edith Cowan University
608	J Daems	Language and Translation Technology Team, Ghent University
609	J Daxenberger	formerly Ubiquitous Knowledge Processing (UKP) Lab, TU Darmstadt, now summetix GmbH
610	J Du	School of Biomedical Informatics, UTHealth
611	J Du	Huawei UK Research & Development Ltd
612	JE Ortega	Northeastern University
613	J Gehring	Facebook AI Research
614	J Glover	Machine Learning Scientist at 3M
615	J Gracia	University of Zaragoza
616	J Graën	University of Zurich
617	J Grundy	Australian Laureate Fellow and Professor of Software Engineering, Faculty of IT, Monash University
618	J Gu	Apple AI/ML (MLR)
619	J Guo	Microsoft Research Asia
620	J Gwinnup	Research Computer Scientist, Air Force Research Laboratory; D. Eng. Student Johns Hopkins University
621	J Hao	Amazon, Alexa AI
622	J Harašta	Institute of Law and Technology, Masaryk University
623	J Harer	MIT Lincoln Labs
624	JH Clark	Research Scientist, Google
625	J He	Carnegie Mellon University
626	J Helcl	Charles University
627	J Henderson	Senior Researcher, Idiap Research Institute
628	J Hitschler	Graduate Student, Heidelberg University, Germany
629	JH Lee	Professor of Computer Science and Engineering, POSTECH
630	J Hoek	Assistant professor, Radboud University Nijmegen
631	J Hula	University of Ostrava
632	JH Yang	David R. Cheriton School of Computer Science, University of Waterloo
633	J Ive	Queen Mary University of London
634	J Jiang	Phd student of CS, Renmin University of China
635	J Jon	Charles University
636	JJ Ouyang	Assistant Professor, University of Texas at Dallas
637	J Kalita	University of Colorado, Colorado Springs
638	J Kanerva	Department of Computing, University of Turku
639	J Kasai	University of Washington
640	J Kim	The University of Queensland
641	J Kim	SYSTRAN Software, Inc.
642	JK Kalita	University of Colorado, Colorado Springs
643	J Köhler	Head of department at Fraunhofer IAIS
644	J Kreutzer	Research Scientist at Google Research, Montreal
645	J Krishnan	Meta AI
646	J Laaksonen	Senior University Lecturer in Computer Science, Aalto University
647	J Lai	Sun Yat-sen University
648	J Lee	New York University
649	J Lee	Pohang University of Science and Technology, POSTECH
650	J Leskovec	Professor of Computer Science, Stanford University
651	J Libovický	Charles University
652	J Lichtarge	Google Research
653	J Li	Soochow University
654	J Li	the Chinese University of Hong Kong
655	J Li	Shannon.AI, Zhejiang University, Stanford University
656	J Li	tulane
657	J Li	Ph.D. student, Universite de Montreal, Renmin University of China
658	J Lieber	maître de conférences, Université de Lorraine
659	J Lin	UC Berkeley
660	J Liu	Shanghai Maritime University
661	J Liu	Yuanfudao
662	J Liu	Nankai University
663	JM Alja'am	Leb-French Univ. Full Professor & Associate Dean for Research & President Advisor
664	J Mallinson	Google
665	JM Crego	Head of Research at SYSTRAN
666	JM Gomez-Perez	Director of Language Technology Research at expert.ai
667	JM Gómez-Pérez	Director of Language Technology Research at expert.ai
668	J Moorkens	Associate Professor, Dublin City University
669	J Munday	Leeds
670	JM Zhang	Lecturer (Assistant Professor), King's College London
671	J Nakatumba-Nabende	Makerere University
672	J Náplava	Research Assistant, Institute of Formal and Applied Linguistics, Faculty of Mathematics and Physics
673	J Ngiam	Google Brain
674	J Niehues	Institute for Anthropomatics and Robotics (IAR), Karlsruhe Institute for Technology (KIT)
675	J Nivre	Senior Researcher, RISE; Professor of Computational Linguistics, Uppsala University
676	J Opitz	Heidelberg University
677	J Ortega	Northeastern University
678	J Ouyang	Assistant Professor, University of Texas at Dallas
679	JP Aires	Pontifical Catholic University of Rio Grande do Sul
680	J Pei	Professor of Computing Science, Simon Fraser University
681	J Phang	New York University
682	J Pino	Meta
683	JP McCrae	Data Science Institute, University of Galway
684	JR Medina	Unknown affiliation
685	J Rosendahl	RWTH Aachen University
686	J Senellart	Quandela
687	J Sharma	Postdoc Researcher, University of Agder
688	J Shen	DeepMind
689	J Shin	POSTECH
690	J Silva	University of Lisbon
691	J Strötgen	Bosch Center for Artificial Intelligence, Germany
692	J Su	Xiamen University
693	J Suzuki	Tohoku University
694	J Tang	University Foundation Professor of Computer Science and Engineering, Michigan State University
695	J Tao	National Laboratory of Pattern Recognition, Institute of Automation, Chinese Academy of Sciences
696	J Tetreault	Dataminr
697	J Tiedemann	Professor of Language Technology, University of Helsinki
698	J Tomek	Oxford university
699	JT Peter	RWTH Aachen University
700	J van Genabith	DFKI German Research Center for Artificial Intelligence
701	J Van Genabith	DFKI German Research Center for Artificial Intelligence
702	J van Soest	Maastricht University
703	J von Kügelgen	Max Planck Institute for Intelligent Systems Tübingen & University of Cambridge
704	J Wagner	ADAPT Centre, NCLT, School of Computing, Dublin City University
705	J Wang	Alibaba
706	J Wei	University of Southern California
707	J Wei	Research Scientist, Google Brain
708	J Wieting	Unknown affiliation
709	J Wuebker	Lilt
710	J Xiao	Group Chief Scientist, Ping An Insurance Group
711	J Xie	Alibaba
712	J Yang	Columbia University
713	J Yi	Institute of Automation, Chinese Academy of Sciences
714	J Zakraoui	Qatar University
715	JZ Chen	University of Toronto
716	J Zeng	Tencent
717	J Zhang	Institute of Automation Chinese Academy of Sciences
718	J Zhang	Florida State University
719	J Zheng	Westlake University
720	J Zhou	Machine Learning Engineer, Alibaba Group
721	J Zhou	Google
722	J Zhu	Kunming University of Science and Technology
723	J Zhu	Northeastern University, China
724	K Amponsah-Kaakyire	Student, Saarland University; Research Assistant, DFKI
725	K Becker	Instituto de Informática, UFRGS
726	K Chatzitheodorou	Researcher in Translation Studies and Computational Linguistics
727	K Chen	Harbin Institute of Technolgy (Shenzhen)
728	K Cho	New York University, Genentech
729	K Chousa	NTT
730	KD Chowdhury	Saarland University, Saarland Informatics Campus
731	K Duh	Johns Hopkins University
732	K Fan	Unknown affiliation
733	K Gimpel	Toyota Technological Institute at Chicago
734	K Gojenola	Researcher and Teacher of Computer Science, University of the Basque Country UPV/EHU
735	K Gupta	Amazon
736	K Harris	DFKI Guest scientist
737	K Hashimoto	Google Research
738	K Heafield	Reader, University of Edinburgh
739	KH Nguyen	SoICT, HUST
740	K Hu	Google NYC
741	K Hu	Dublin City University
742	K Inui	Tohoku University
743	K Jassem	Adam Mickiewicz University
744	K Jung	Professor, Department of Electrical and Computer Engineering, Seoul National University
745	KK Gupta	Reserach Scholar
746	K Kharitonova	Universitat Politècnica de Catalunya
747	K Knight	DiDi Labs
748	K Laenen	PhD student, KU Leuven
749	K Lee	Google Research
750	K Li	Institute of Biomedical Engineering, Shandong University
751	KL Kermanidis	Associate Professor, Department of Informatics, Ionian University, Corfu, Greece
752	K Mandal	Faculty
753	K Marasek	Polish-Japanese Institute of Information Technology
754	K Marchisio	PhD Student, Johns Hopkins University
755	K McKeown	Professor of Computer Science and Director, Data Science Institute, Columbia University
756	KM Tran	Amazon
757	K Murray	Research Scientist, Johns Hopkins
758	KN Acheampong	University of Electronic Science and Technology of China
759	K Nguyen-Ngoc	Haiphong University
760	K Nishida	NTT Human Informatics Laboratories, NTT Corporation
761	K Omelianchuk	Grammarly
762	K Ouchi	Unknown affiliation
763	K Pajak	Langmedia
764	K Pająk	Langmedia
765	K Pham	PhD student
766	KQ Zhu	Shanghai Jiao Tong University
767	K Rajda	Wroclaw University of Science and Technology
768	K Rysová	Charles University
769	K Sakaguchi	Tohoku University
770	K Sarasola	University of the Basque Country
771	K Saxena	Applied Scientist 2, Microsoft Turing
772	KS Kalyan	Ph.D. candidate @ NIT Trichy
773	K Smaïli	Professor of computer science University Lorraine
774	K Soky	Kyoto University
775	K Song	Microsoft
776	K Song	Staff Engineer at DAMO Academy, Alibaba Group
777	K Sudoh	Nara Institute of Science and Technology (NAIST)
778	K Toutanova	Google Research
779	K Tran	Amazon
780	K Wang	Tsinghua University
781	K Wang	Soochow University; Microsoft
782	K Wang	HUAWEI
783	K Wolk	Wołk.AI
784	K Yamamoto	Gengo House
785	K Yang	Seoul National University
786	K Yang	UC Berkeley
787	K Zdeněk	Institute of Formal and Applied Linguistics, Charles University, Prague, Czechia
788	L Abzianidze	Utrecht University
789	Ł Augustyniak	Wroclaw University of Science and Technology
790	L Barrault	Research Scientist, Meta AI
791	Ľ Benko	Katedra informatiky Univerzita Konštantína Filozofa v Nitre
792	L Bentivogli	Researcher at Fondazione Bruno Kessler, Italy
793	L Besacier	Professor in Computer Science
794	Ł Biel	Uniwersytet Warszawski
795	L Bing	Alibaba DAMO, Tencent, CMU, CUHK
796	Ł Borchmann	Snowflake
797	L Choshen	IBM AI research, Hebrew University of Jerusalem
798	LC Siebert	Assistant professor, TU Delft
799	L Ding	Inphi
800	L Dong	Microsoft Research
801	L Du	Senior Researcher, Microsoft Research Asia
802	L Edman	University of Groningen
803	L Fox	The Hebrew University of Jerusalem
804	L Gao	Baidu Inc.
805	LH Bonifacio	Unicamp
806	L He	Principal Scientist Manager, Microsoft
807	LH Trieu	AIST
808	L Huang	Associate Professor, Oregon State University
809	LIU Yang	Dalian Ocean University
810	Ł Kaiser	OpenAI & CNRS
811	L Lange	Bosch Center for Artificial Intelligence
812	L Li	University of Western Ontario
813	L Liu	Nanyang Technological University
814	LL János	Institute of Philosophy, HAS
815	L Lu	Research SDE, Microsoft
816	L Luo	PhD
817	L Macken	Language and Translation Technology Team, Ghent University
818	L Màrquez	Principal Applied Scientist
819	L Mascarell	Postdoctoral Researcher, ETH Zurich
820	L Mou	Assistant Professor, University of Alberta
821	LM Werlen	Microsoft Azure AI
822	L Nicolas	Senior Researcher
823	LN Vieira	University of Bristol
824	LP Aljanati	Universitat Pompeu Fabra
825	L Pavanelli	M.S. in Computer Science, PUC-Rio | aiXplain
826	L Poláková	Charles University in Prague
827	L Qi	Associate Professor, Shandong University of Science and Technology
828	L Qin	Alibaba Cloud
829	LR de Souza	State University of Campinas
830	LS Chao	Unknown affiliation
831	L Schwartz	Assistant Professor, University of Illinois at Urbana-Champaign
832	L Shou	Principal Applied Scientist Manager, Microsoft STCA
833	L Si	Alibaba Group Inc, Purdue Univ, Carnegie Mellon Univ
834	L Specia	Professor, Imperial College London and University of Sheffield
835	L Stankevičius	Doctoral student
836	L Tan	Universität des Saarlandes, Nanyang Technological University
837	L Vial	Université Grenoble Alpes
838	L Wang	Institute of Surface Science and Corrosion,  WW4-LKO, University of Erlangen-Nuremberg
839	L Wang	DeepMind
840	L Wang	Microsoft
841	L Wang	Tencent AI Lab
842	L Wang	Professor, Wuhan University
843	L Watson	University of Edinburgh
844	L Wendlandt	Lecturer III, Computer Science and Engineering, University of Michigan
845	L Wu	Microsoft Research
846	L Xing	Institute of Information Engineering, Chinese Academy of Sciences
847	L Xu	The Head Engineer of Gamma Lab,  OCFT
848	L Yang	Associate Professor, Beijing Language and Culture University
849	L Yankovskaya	University of Tartu
850	LY Nie	Tsinghua University
851	L Zettlemoyer	University of Washington; Meta AI
852	L Zhang	Soochow University
853	L Zhou	Microsoft Research Asia
854	M Abdul-Mageed	The University of British Columbia
855	MA Di Gangi	Speech Scientist @ AppTek GmbH
856	MA Farajian	Unbabel
857	M Agarwal	Senior Research Engineer, IBM Research
858	MA Hedderich	Saarland University, Saarland Informatics Campus
859	M Al-Badrashiny	Columbia University
860	M Alfonse	Lecturer, Computer Science Department, Faculty of Computer and Information Science, Ain Shams
861	M Al-Khalil	New York University
862	M Allamanis	Google Research
863	M Al-Shedivat	Principal Research Scientist @ Genesis Therapeutics
864	M Arcan	Research Fellow at Insight SFI Research Centre for Data Analytics / Data Science Institute
865	M Artetxe	Facebook AI Research
866	M Auli	Facebook AI Research
867	MAYZ Fard	University of New South Wales
868	M Baez	Bielefeld University of Applied Sciences
869	M Ballesteros	Principal Applied Scientist, Amazon
870	M Bañón	Prompsit Language Engineering
871	MB Bakaric	University of Rijeka, Faculty of Informatics and Digital Technologies
872	M Behnke	University of Edinburgh
873	M Behrisch	Assistant Professor of Computer Science, Utrecht University, Netherlands
874	M Bollmann	Jönköping University, Sweden
875	M Briers	Alan Turing Institute
876	M Carl	Professor, Kent State University
877	M Carpuat	Associate Professor, Computer Science, University of Maryland
878	M Cettolo	Researcher at Fondazione Bruno Kessler, Trento (Italy)
879	M Chen	FAIR, Meta AI
880	M Chinea Ríos	Universitat Politècnica de València
881	M Chochowski	NVIDIA, previously Samsung R&D Poland
882	M Ciaramita	Google
883	M Coustaty	University of La Rochelle
884	M Creutz	University of Helsinki
885	M Damonte	Amazon
886	M Dascalu	Professor, University Politehnica of Bucharest; Academy of Romanian Scientists
887	M Dehouck	Inria Lille
888	M Deligiannis	Institute for Language and Speech Processing
889	M Denkowski	Amazon
890	M Diab	Professor of Computer Science, George Washington University
891	M Di Gangi	Speech Scientist @ AppTek GmbH
892	M Dočekal	Brno University of Technology
893	M Douze	Meta AI
894	M Ehrensberger-Dow	Professor of Translation Studies, ZHAW Institute of Translation and Interpreting
895	M Eric	Senior Machine Learning Scientist @ Amazon Alexa AI
896	ME San	School of Information, Computer, and Communication Technology (ICT), Sirindhorn International
897	M Fajčík	PhD Student / Researcher, Brno University of Technology
898	M Federico	AWS AI Labs
899	M Fišel	Professor of NLP, University of Tartu
900	M Fishel	Professor of NLP, University of Tartu
901	MF Moens	Professor of Computer Science KU Leuven
902	M Fomicheva	University of Sheffield, Department of Computer Science
903	M Freitag	Google
904	MF Tsai	Associate Professor of Computer Science, National Chengchi University
905	M Gales	Cambridge University
906	M García-Martínez	Pangeanic
907	M Ghazvininejad	Research Scientist, FAIR (Facebook AI Research)
908	M Gong	Microsoft STCA NLP Group
909	M Gooding	Mirada Medical
910	M Guo	Google Research
911	M Hagiwara	Octanove Labs
912	M Harman	Research Scientist at Facebook & Professor of Software Engineering at UCL
913	M Hasanuzzaman	ADAPT Centre, Munster Technological University, Ireland
914	M Hossari	Researcher, ADAPT Centre, Trinity College Dublin
915	M Huck	SAP SE
916	M Ihsan	Cholistan Institute of Desert Studies, the Islamia University of Bahawalpur, Pakistan
917	M Iyyer	Assistant Professor, University of Massachusetts Amherst
918	M Jain	Assistant Professor of Computer Science, Delhi Technological University
919	MJ Althobaiti	Assistant Professor of Computer Science, Taif University
920	M Johnson	Researcher, Google
921	MJ Rashti	Shahid Chamran University of Ahvaz
922	MJ Smith	Scientific Technologies Limited
923	M Junczys-Dowmunt	Microsoft
924	M Kaneko	Tokyo Institute of Technology
925	M Khalil	Associate Professor, Center of Excellence in Information Assurance (CoEIA), King Saud University
926	M Khapra	Indian Institute of Technology Madras
927	M Komachi	Professor at Tokyo Metropolitan University
928	M Koponen	University of Eastern Finland
929	M Krubiński	Charles University, Faculty of Mathematics and Physics, Institute of Formal and Applied Linguistics
930	M Kurimo	Professor in Speech and Language Processing, Aalto University, Finland
931	M Kuyu	MSc. @Hacettepe University
932	M Lapata	School of Informatics, Edinburgh University
933	M Le	Facebook AI Research
934	M Le Nguyen	Professor - JAIST
935	ML Forcada	Professor of Computer Languages and Systems, Universitat d'Alacant
936	M Li	Tencent
937	M Liu	Lecturer, Deakin University; NLP Engineer, Australia National Center for Healthy Ageing
938	M Lukoševičius	Kaunas University of Technology
939	M Maimaiti	NLP Senior Algorithm Engineer, Alibaba DAMO Academy
940	M Marone	Johns Hopkins University
941	M Martindale	PhD Student, iSchool, University of Maryland
942	MM Biesialska	PhD Candidate, Universitat Politècnica de Catalunya (UPC)
943	M Mehrotra	Virginia Tech
944	M Meng	The Chinese University of Hong Kong
945	M Mesgar	UKP Lab, TU Darmstadt
946	MM Hossain	Graduate Research Assistant, University of North Texas
947	MMI Alam	George Mason University
948	M Mikhailov	Professor of Translation Studies, Tampere University
949	M Mita	CyberAgent, Inc.
950	M Mohit	Massachusetts Institute of Technology
951	M Moradshahi	Computer Science Department, Stanford University
952	M Morishita	NTT Communication Science Laboratories
953	M Müller	Department of Computational Linguistics, University of Zurich
954	M Munk	Constantine the Philosopher University in Nitra
955	M Nadejde	Amazon AWS AI
956	M Nădejde	Amazon AWS AI
957	M Nagata	NTT Corporation
958	M Naghshnejad	PhD in Computer Science
959	M Namysl	Fraunhofer IAIS
960	M Negri	Fondazione Bruno Kessler - FBK-irst, Trento, Italy
961	M Neves	German Federal Institute for Risk Assessment
962	M Norouzi	Google Brain
963	M Novák	post-doc, Charles University, Prague
964	M Olohan	University of Manchester
965	M Ott	Character AI
966	M Papadakis	Senior Research Scientist, University of Luxembourg
967	M Peyrard	EPFL
968	M Pietruszka	Jagiellonian University, applica.ai
969	M Pinnis	Tilde
970	M Poesio	Professor of Computational Linguistics, Queen Mary University
971	M Popel	Institute of Formal and Applied Linguistics, Charles University in Prague
972	M Popovic	ADAPT Centre @ Dublin City University
973	M Popović	ADAPT Centre @ Dublin City University
974	M Post	Microsoft Translator
975	MP Perrone	Google
976	M Qorib	National University of Singapore
977	MQ Pham	Zoom Video Communications
978	MR Costa-Jussa	Universitat Politècnica de Catalunya
979	MR Costa-Jussà	Universitat Politècnica de Catalunya
980	MR Costa‐Jussà	Universitat Politècnica de Catalunya
981	M Rei	Lecturer, Imperial College London
982	M Reid	Research Scientist, Google
983	M Rezagholizade	Staff Research Scientist, Noah's Ark Lab, Huawei Technologies
984	M Rikters	Postdoctoral Researcher at The University of Tokyo
985	MR Lyu	Professor of Computer Science & Engineering, The Chinese University of Hong Kong
986	M Ryskina	Carnegie Mellon University
987	M Rysová	Charles University
988	M Sahlgren	AI Sweden
989	MS Ahmed	Research Staff Member, IBM Research; Former Graduate Research Assistant, Virginia Tech
990	M Saleh	Qatar University
991	M Sanchez-Torron	Unbabel
992	M Sánchez Torrón	Unbabel
993	M Schmidhuber	Universität Regensburg
994	M Sepesy Maučec	izredni profesor
995	M Ševčíková	Univerzita Karlova v Praze, Matematicko-fyzikální fakulta, Ústav formální a aplikované lingvistiky
996	MS Hadj Ameur	University of Science and Technology Houari Boumediene
997	MSH Ameur	University of Science and Technology Houari Boumediene
998	M Shrivastava	International Institute of Information Technology Hyderabad
999	M Silfverberg	University of British Columbia
1000	M Simard	National Research Council Canada (NRC)
1001	MS Lam	Professor of Computer Science, Stanford University
1002	M Solnyshkina	Professor of Linguistics, Kazan Federal University, Russia
1003	MS Rasooli	Microsoft
1004	M Stasimioti	PhD candidate, Department of Foreign Languages, Translation and Interpreting, Ionian University
1005	M Straka	Institute of Formal and Applied Linguistics, Charles University in Prague, Czech Republic
1006	M Strube	Heidelberg Institute for Theoretical Studies gGmbH
1007	M Sun	Professor of Computer Science and Technology, Tsinghua University
1008	M TAN	Singapore Management University
1009	M Tarnavskyi	Ukrainian Catholic University
1010	M Tomkova	PostDoc, University of California, Davis
1011	M Turchi	Zoom Video Communications
1012	MT van der Meer	PhD student, Leiden University
1013	M Utiyama	NICT
1014	M van der Meer	PhD student, Leiden University
1015	M van der Wees	Machine Learning Engineer, Persgroep/De Volkskrant
1016	M Vela	Saarland University
1017	M Vogel	Unknown affiliation
1018	M Volk	Professor of Computational Linguistics, University of Zurich
1019	M Wang	ByteDance AI Lab
1020	M Werlen	Microsoft Azure AI
1021	M Wieling	Professor (by S.A.) of Low Saxon / Groningen Language and Culture, University of Groningen
1022	MX Tan	University of Geneva
1023	M Yamada	Rikkyo University
1024	M Yan	Research Professor, Chongqing University, China
1025	M Yang	Associate Professor of Computer Science, Shanghai Jiao Tong University
1026	M Yarmohammadi	Faculty at Center for Language and Speech Processing, Johns Hopkins University
1027	M Yasunaga	PhD Student, Stanford University
1028	MY Li	National University of Singapore
1029	M Zhang	Professor of Computer Science, Soochow University
1030	M Zhang	IT University of Copenhagen
1031	M Zhou	Chief Scientist at Sinovation, ACL president (2019), VP of CCF(2020-2024)
1032	M Zhou	Ph.D Student, University of California, Davis
1033	M Žilinec	Unknown affiliation
1034	M Zrigui	full professor in Computer Science
1035	N Aldarrab	USC Information Sciences Institute
1036	N Arivazhagan	Google Research
1037	NA Smith	University of Washington; Allen Institute for Artificial Intelligence
1038	N Bach	Microsoft
1039	N Ballier	Université de Paris
1040	N Bertoldi	Fondazione Bruno Kessler
1041	N Bogoychev	Postdoc at University of Edinburgh
1042	N Casas	Polytechnic University of Catalonia. Barcelona
1043	N Casas Manzanares	Polytechnic University of Catalonia. Barcelona
1044	N Dass	Google Research
1045	N De Cao	PhD at University of Amsterdam and The University of Edinburgh
1046	N Durrani	Senior Scientist, QCRI, HBKU
1047	N Habash	Professor of Computer Science, New York University Abu Dhabi
1048	N Haffar	Phd student, University of Sousse, ISITCom, 4011, Hammam Sousse, Tunisia
1049	N Herbig	Natif AI, German Research Center for Artificial Intelligence (DFKI), Saarland Informatics Campus
1050	NI Nikolov	Smartest Learning AG
1051	N Matteo	Fondazione Bruno Kessler - FBK-irst, Trento, Italy
1052	N Mehandru	Ph.D. Student at University of California, Berkeley
1053	N Moghe	Student, University of Edinburgh
1054	N Nassiri	Department of Computer Science, Faculty of Sciences, University Mohamed First, Oujda, Morocco
1055	N Nikitinsky	NUST "MISIS", Big Data research center
1056	NN Sriram	Carnegie Mellon University
1057	N Oco	De La Salle University
1058	N Pappas	Amazon Web Services (AWS AI)
1059	N Perez	Vicomtech
1060	N Pourdamghani	Applied Scientist, Amazon AWS
1061	NQ Pham	Karlsruhe Institute of Technology
1062	N Rossenbach	Ph.D. Student in Computer Science at RWTH Aachen
1063	N Schluter	IT University of Copenhagen
1064	N Shazeer	Google Inc.
1065	N Shi	University of Alberta
1066	NS Kim	Seoul National University, Department of Electrical and Computer Engineering
1067	N Twomey	Principal Applied Scientist at KidsLoop Ltd; Honorary Research Fellow, University of Bristol, UK
1068	NV Bogoychev	Postdoc at University of Edinburgh
1069	N Verma	PhD Student, Johns Hopkins University
1070	NW Pierse	Microsoft
1071	N Yang	Microsoft Research
1072	O Abend	Faculty member, Hebrew University of Jerusalem
1073	O Araque	Assistant Professor at Universidad Politécnica de Madrid
1074	O Bobrowski	Associate Professor, Electrical and Computer Engineering, Technion - Israel Institute of Technology
1075	O Bojar	Charles University, Faculty of Mathematics and Physics, Institute of Formal and Applied Linguistics
1076	O Caglayan	Imperial College London
1077	OC Granmo	Professor University of Agder
1078	O Cífka	LIRMM, Université de Montpellier; Zenith, Inria
1079	O De Clercq	Language and Translation Technology Team, Ghent University
1080	O de Gibert	Language Data Engineer @ Barcelona Supercomputing Center
1081	O Firat	Google AI
1082	O Htun	Research Scientist, Rakuten Institute of Technology
1083	O Ignat	University of Michigan
1084	O Majewska	University of Cambridge
1085	OM Camburu	Early Career Research Fellow, University College London
1086	O Mosafi	Computer Science, University of Haifa
1087	O Perez-De-Vinaspre	HiTZ Center - IXA group, University of the Basque Country (UPV/EHU)
1088	O Pietquin	Google Brain (On leave of Professor at University of Lille - CRIStAL - SequeL team)
1089	OŖ Bojar	Charles University, Faculty of Mathematics and Physics, Institute of Formal and Applied Linguistics
1090	O Weller	Johns Hopkins University
1091	O Witczak	Lab Assistant, Adam Mickiewicz University
1092	O Zayed	Postdoctoral Researcher, Data Science Institute, National University of Ireland Galway
1093	PA Alessio	Fondazione Bruno Kessler
1094	PA Andersen	Associate Professor at University of Agder
1095	P Bahar	RWTH Aachen University
1096	P Behera	Center for Linguistics, Jawaharlal Nehru University
1097	P Bell	University of Edinburgh
1098	P Bhattacharyya	Professor of Computer Science and Engineering, IIT Bombay
1099	P Buitelaar	Associate Professor, Data Science Institute, Univ of Galway, Co-PI Insight Centre
1100	P Cadwell	Dublin City University
1101	P Chen	PhD student, University of Edinburgh
1102	P Chin	Research Professor of Computer Science, Boston University
1103	P Daniel	NITH
1104	P Foret	Unknown affiliation
1105	P Gramacki	Brand24 AI
1106	P Gupta	Applied Scientist, Amazon
1107	P He	Assistant Professor, The Chinese University of Hong Kong, Shenzhen
1108	P Isabelle	Retired from the National Research Council, Canada
1109	P Jain	University of Edinburgh
1110	PJ Chen	Facebook
1111	P Jian	Beijing Institute of Technology
1112	P Jwalapuram	PhD Student, Nanyang Technological University
1113	P Keung	Senior Machine Learning Scientist, Amazon
1114	P Koehn	Professor, Johns Hopkins University
1115	P Liang	Associate Professor of Computer Science, Stanford University
1116	P Lohar	ADAPT Centre, Dublin City University
1117	P Madhyastha	City, University of London & Imperial College London
1118	P Makarov	University of Zurich, Switzerland
1119	P Manakul	PhD Student, University of Cambridge
1120	P Mehta	Deloitte India (Offices of the US)
1121	PM Htut	AWS AI
1122	P Michel	Post-doc, Center for Data Science/LSCP, École Normale Supérieure
1123	P Milin	Professor, The University of Birmingham, UK
1124	P Nakov	MBZUAI
1125	P Pakray	National Institute of Technology Silchar India
1126	P Pal	University of Edinburgh
1127	PP Chen	PhD student, University of Edinburgh
1128	P Pecina	Charles University
1129	P Poupart	University of Waterloo
1130	P Przybysz	SRPOL
1131	P Raghavan	Vice President, Fidelity Investments. Research Affiliate, MIT CSAIL
1132	P Rani	National University of Ireland
1133	P Rayson	School of Computing and Communications, Lancaster University, UK
1134	P Ren	Northwest University
1135	P Sánchez-Gijon	Grup Tradumàtica, Translation and Interpreting Dept. - Universitat Autònoma de Barcelona
1136	P Setthawong	Department of Digital Business Management, Assumption University
1137	PS Gijón	Grup Tradumàtica, Translation and Interpreting Dept. - Universitat Autònoma de Barcelona
1138	P Shapiro	Johns Hopkins University
1139	P Szolovits	Professor of Computer Science and Engineering, MIT
1140	P Tran	Ton Duc Thang University
1141	P West	University of Washington
1142	P Wilken	Machine Translation Scientist, Apptek
1143	P Xia	Johns Hopkins University
1144	PY Huang	FAIR labs, Meta AI
1145	P Zhang	Damo Academy, Alibaba
1146	Q Chen	NCBI-NLM, National Institutes of Health
1147	Q Cui	Tencent; Nanjing University
1148	Q Fan	Unknown affiliation
1149	Q Liu	Noah's Ark Lab, Huawei
1150	Q Liu	PhD candidate @ USC
1151	Q Liu	iFLYTEK Research
1152	Q Liu	University of Cambridge
1153	QP Nguyen	University of Ulsan
1154	Q Shen	Machine Learning Research Group @ Oracle Labs
1155	QT Tran	University of Hamburg
1156	QV Le	Research Scientist, Google Brain
1157	Q Wang	Shandong First Medical University & Shandong Academy of Medical Sciences
1158	Q Wang	ant-group
1159	Q Wang	Alibaba DAMO Academy
1160	Q Yang	Duke University
1161	Q Yao	Chinese Academy of Sciences
1162	Q Zhang	Professor of Computer Science, Fudan University
1163	Q Zhou	Senior Researcher, Tencent
1164	QZ Sheng	Full Professor, School of Computing, Macquarie University, Sydney, Australia
1165	R Agerri	HiTZ Center - Ixa, University of the Basque Country UPV/EHU
1166	R Agrawal	University of Oxford
1167	R Aharoni	Google Research
1168	R Bawden	Inria
1169	R Cattoni	Fondazione Bruno Kessler, Trento (Italy)
1170	R Chatterjee	Apple Inc
1171	R Cheng	University of Illinois at Urbana–Champaign
1172	R Coto-Solano	Department of Linguistics, Dartmouth College
1173	R Cotterell	ETH Zürich
1174	R Dabre	NICT, Japan
1175	R Dessì	PhD student at FAIR Paris and UPF Barcelona
1176	RD Martinez	PhD Student, University of Cambridge
1177	R Dobreva	PhD student, University of Edinburgh
1178	R Fukuda	Nara Institute of Science and Technology
1179	R Gabriel	Amazon
1180	R Grundkiewicz	Microsoft Research
1181	R Gu	Nanjing Uinviersity
1182	R Haque	School of Computing, National College of Ireland
1183	RHR Hahnloser	Institute of Neuroinformatics, ETH Zurich and University of Zurich
1184	R Islamaj	National Center for Biotechnology Information, National Library of Medicine, National Institutes of
1185	R Jain	Adobe Research
1186	R Kejriwal	Data and Applied Scientist, Microsoft India
1187	R Knowles	Research Associate, National Research Council Canada
1188	R Krislauks	Tilde
1189	R Krišlauks	Tilde
1190	R Kupriyanov	КНИТУ
1191	RL Bras	Allen Institute for Artificial Intelligence
1192	R Leaman	Researcher, NCBI/NLM/NIH
1193	R Li	LAIX Inc.
1194	R Liepins	Institute of Mathematics and Computer Science, University of Latvia
1195	R Lim	Naval Air Warfare Center Weapons Division
1196	R Litschko	University of Mannheim
1197	R Lotufo	Adjunct Professor at Faculty of E&CE, Unicamp, CTO @ NeuralMind
1198	R Muñoz Martín	Università di Bologna; DIT, MC2 Lab
1199	R Navigli	Professor, Sapienza University of Rome
1200	R Nogueira	UNICAMP
1201	R Pang	Apple AI/ML
1202	R Pappagari	The Johns Hopkins University
1203	R Peng	College of Computer Science and Technology, Zhejiang University
1204	R Pryzant	Microsoft
1205	R Punia	Samsung R&D || Delhi Technological University
1206	R Reichart	Technion - Israel Institute of Technology
1207	R Rinott	Applied research scientist, Facebook
1208	R Rosa	Charles University
1209	R Rossi	Adobe Research
1210	R Rubino	NICT
1211	R Sallis	Department of Engineering, University of Cambridge
1212	R Sanabria	The University of Edinburgh
1213	R Santos	University of Lisbon
1214	R Sennrich	University of Zurich
1215	R Setthawong	Assumption University
1216	R Shah	Google
1217	R Shenoy	Senior Software Engineer at Ericsson
1218	R Sudarikov	Institute of Formal and Applied Linguistics, Faculty of Mathematics and Physics, Charles University
1219	RTH Tsai	National Central University; Academia Sinica
1220	RT McCoy	Postdoc in the Department of Computer Science, Princeton University
1221	R Tripodi	Assistant Professor - University of Bologna
1222	R van Noord	Postdoc in the MaCoCu project, University of Groningen
1223	R Vázquez	PhD candidate Language Technology, University of Helsinki
1224	R Wang	Associate Professor, Wuhan University, China
1225	R Wang	Associate Professor of Computer Science, Shanghai Jiao Tong University
1226	R Weng	Alibaba DAMO Academy
1227	R Yan	Renmin University of China. Previously with Peking U. and UPenn
1228	R Yangarber	Associate Professor, University of Helsinki
1229	R Zellers	OpenAI
1230	R Zhang	Assistant Professor, Penn State University
1231	R Zheng	Computing and Software, McMaster University
1232	R Ziai	NLP Engineer at bettermarks & Research Affiliate at University of Tübingen
1233	SAB Andrabi	Assistant Professor Computer Science Engineering, Chandigarh University
1234	S Abdul-Rauf	Fatima Jinnah Women University, Rawalpindi
1235	S Agrawal	University of Maryland, College Park
1236	SA Grönroos	AI Scientist, Silo.AI
1237	S Al-Maadeed	Prof. of Computer Science and Engineering, College of engineering, Qatar University
1238	S Alvarez	Adjunct Professor, Universitat Oberta de Catalunya
1239	S Álvarez-Vidal	Adjunct Professor, Universitat Oberta de Catalunya
1240	S Alzahrani	Taif University
1241	SA Mohamed	Postgraduate Student
1242	S An	CEO @ Murple
1243	S Bandyopadhyay	Director and Professor of Computer Science and Engineering, NIT Silchar
1244	SB Cohen	University of Edinburgh
1245	S Behnke	Professor for Autonomous Intelligent Systems, Computer Science Institute, University of Bonn
1246	S Bell	FedUni; Bureau of Meteorology
1247	S Berrichi	Ph.D candidate, Computer Science, Faculty of Sciences, Mohamed First University, Oujda, Morocco
1248	S Bhattacharyya	Principal, Rajnagar Mahavidyalaya, Birbhum, India
1249	S Bhosale	Facebook AI Research
1250	S Bird	Professor, Charles Darwin University
1251	S Castilho	ADAPT Centre - Dublin City University
1252	S Chandar	Assistant Professor @ Polytechnique Montreal. Mila. Canada CIFAR AI Chair.
1253	S Chauhan	NIT Hamirpur
1254	S Cho	카카오
1255	S Choi	McGill University, Department of Civil Engineering
1256	S Chollampatt	Zoom Video Communications
1257	S Clematide	Institute of Computational Linguistics
1258	SC Lin	University of Waterloo
1259	S Conia	PhD student, Sapienza University of Rome
1260	S Dalmia	Carnegie Mellon University
1261	S Davidson	University of California, Davis
1262	S Ding	Amazon AWS AI Labs
1263	S Doddapaneni	Indian Institute of Technology Madras
1264	S Dupont	University of Mons
1265	S Dutta	Doctoral Researcher, TU Kaiserslautern
1266	S Edunov	Facebook AI Research
1267	SE Eskimez	Microsoft
1268	S Eger	Stand-in Professor, Bielefeld University
1269	S Feng	University of Michigan, Ann Arbor
1270	S Flachs	PhD student, University of Copenhagen
1271	S Frank	Pioneer Centre for AI / University of Copenhagen
1272	S Gabay	University of Geneva
1273	S Garg	Amazon Alexa AI
1274	S Gehrmann	Senior Research Scientist, Google Research
1275	S Gella	Amazon AI
1276	S Gelly	Google Brain Zurich
1277	S Ghosh	Pursuing PhD at Indian Institute of Technology Bombay
1278	S Goldwater	School of Informatics, University of Edinburgh
1279	S Gross	Facebook AI Research
1280	S Gu	CAS/ICT
1281	S Guha	Research Engineer, University of Amsterdam
1282	S Gupta	Research Manager at Facebook
1283	S Gupta	Graduation from IIT Bombay CSE
1284	S Han	Microsoft Research Asia
1285	S He	Microsoft Research Asia
1286	SH Heo	graduate school of artificial intelligence, POSTECH
1287	S Hisamoto	Legalscape
1288	SH Na	Jeonbuk National University
1289	S Huang	Department of Computer Science and Technology, Nanjing University
1290	S Huang	Microsoft Research Asia
1291	SHXL Mao	Beijing Institute of Technology
1292	S Jean	AWS AI Labs
1293	S Jiang	The Chinese University of Hong Kong
1294	S Jiang	Eastern Michigan University
1295	S Joty	Research Director at Salesforce AI Research, Associate Professor at NTU (on leave)
1296	SJ Semnani	PhD Student, Stanford University
1297	S Kasewa	Applied Artificial Intelligence (A2I) lab, Oxford Robotics Institute, Engineering Sciences, University of Oxford
1298	S Kim	University of Michigan, Ann Arbor
1299	S Kiyono	RIKEN AIP, Tohoku University
1300	SK Naskar	Associate Professor, Computer Science & Engineering, Jadavpur University, India
1301	S Kok	National University of Singapore
1302	S Krause	Google
1303	SK Sharma	Department of Chemistry, University of Delhi
1304	S Kuang	BYTEDANCE
1305	S Kumar	Carnegie Mellon University
1306	S Kurohashi	Kyoto University
1307	S Larkin	National Research Council Canada
1308	S Läubli	Zurich University of Applied Sciences
1309	S Li	Professor, University of Texas Health Science Center - Houston; TIRR Memorial Hermann Hospital
1310	S Li	Peking Univ.
1311	S Lima López	Research Engineer, Barcelona Supercomputing Center
1312	S Liu	Microsoft Research Asia
1313	S Loáiciga	University of Gothenburg
1314	S Lu	Microsoft Research Asia
1315	S Luo	Center for Statistical Science and Department of Industrial Engineering, Tsinghua University
1316	S Ma	Microsoft Research Asia
1317	S Ma	Professor at Beihang University, Beijing, China
1318	S Maruf	Monash University
1319	SM Lakew	Applied Scientist, Amazon AI
1320	S Möller	Professor for Quality and Usability, TU Berlin and Department Head, DFKI and Adjunct Professor
1321	S Moon	Tokyo Institute of Technology
1322	SM Shieber	Harvard University
1323	S Narayan	Google
1324	S Neale	Senior Machine Learning Engineer, AMPLYFI Ltd.
1325	S O'Brien	Dublin City University
1326	S Oh	Netmarble AI Center
1327	S Palaskar	Graduate Student at Carnegie Mellon University
1328	S Pal	Saarland University
1329	S Pal	IBM Research
1330	S Panthaplackel	The University of Texas at Austin
1331	S Parida	Silo AI
1332	S Popuri	Research Engineer, Facebook AI
1333	S Potdar	Carnegie Mellon University, IBM Watson
1334	SP Ponzetto	Professor of Information Systems, University of Mannheim
1335	S Reddy	Assistant Professor, Computer Science and Linguistics, McGill University, Mila
1336	S Renals	University of Edinburgh
1337	S Ren	Microsoft Research Asia
1338	S Rezayi	University of Georgia
1339	S Riedel	Professor @ University College London, Researcher @ Facebook AI Research
1340	S Riezler	Professor for Statistical Natural Language Processing, Heidelberg University
1341	SR Indurthi	Zoom AI Lab, Singapore
1342	SR Laskar	Research Scholar
1343	S Rosset	Université Paris-Saclay, CNRS, LISN
1344	S Rothe	Google
1345	S Roy	Waymo
1346	S Ruder	Research Scientist, Google
1347	S Ruseti	University "Politehnica" of Bucharest
1348	S Sabour	Brain, Google
1349	S Saleh	Applied Data Scientist at Microsoft
1350	S Sapre	MS CSE at UC San Diego
1351	S Sarawagi	Indian Institute of Technology Bombay,  Mumbai, India.
1352	S Schamoni	Research Associate, Heidelberg University
1353	S Semeniuta	Samsung AI Center Moscow
1354	S Sen	Zoom
1355	S Sharoff	University of Leeds
1356	S Shi	Tencent AI Lab
1357	S Singhal	Microsoft
1358	SSL Piao	School of Computing and Communications, Lancaster University, UK
1359	S Sofianopoulos	Researcher at Institute for Language and Speech Processing (ILSP / "Athena" R.C.)
1360	S Sonawane	Associate Professor, Computer Engineering Department, Pune Institute of Computer Technology
1361	SSR Kothur	Alumni Masters Student at Johns Hopkins University
1362	S STEINGRÍMSSON	Project Manager, The Árni Magnússon Institute for Icelandic Studies
1363	S Sun	Johns Hopkins University
1364	S Takase	Tokyo Institute of Technology
1365	S Taslimipoor	Research Associate, University of Cambridge
1366	S Tchistiakova	The University of Edinburgh
1367	S Thivaharan	Assistant Professor (Selection Grade), CSE Dept, PSG Institute of Technology and Applied Research
1368	S Thottingal	Wikimedia Foundation, Swathanthra Malayalam Computing
1369	S Truong	VinBrain, VinUniversity
1370	SU Haq	Student, NUST, CEME Pakistan
1371	SU Hussain	NUCES-FAST
1372	S Vogel	Research Director Arabic Language Technologies, Qatar Computing Research Institute
1373	S Wang	Tsinghua University
1374	S Wang	Baidu
1375	S Watanabe	Carnegie Mellon University
1376	S Wilson	Assistant Professor, Oakland University
1377	S Wu	SPPD of Tencent Inc.
1378	S Wu	Bloomberg L.P.
1379	S Xu	Stanford University
1380	S Yang	TAL Education Group
1381	SY Feng	Stanford University, Computer Science PhD Student
1382	SY Min	Carnegie Mellon University
1383	S Yoon	Adobe Research
1384	S Yuan	Google
1385	S Yu	Tsinghua University
1386	S Zhang	University of Texas at Austin
1387	S Zhao	Microsoft
1388	TA Chang	UC San Diego
1389	T Aida	Tokyo Metropolitan University
1390	T Aoki	Tokyo Institute of Technology
1391	T Banerjee	IIT Bombay
1392	TB Bati	Assistant Professor, Information Systems, Hawassa University
1393	T Bergmanis	Tilde, University of Latvia
1394	TC Ferreira	Federal University of Minas Gerais (UFMG)
1395	T Domhan	Machine Learning Scientist, Amazon
1396	TD Singh	Post Doctoral Researcher
1397	T Dwojak	Applica.AI
1398	T Ge	Microsoft Research Asia
1399	T Gui	复旦大学
1400	T Hao	South China Normal University
1401	T Hayashi	Human Dataware Lab. Co., Ltd., Nagoya University
1402	T He	University of California, Berkeley
1403	T He	Microsoft Research Asia
1404	THK Huang	Assistant Professor, Pennsylvania State University
1405	TH Nguyen	University of Oregon
1406	TH Trinh	Google, New York University
1407	T Hu	Zhejiang University
1408	T Kajiwara	Assistant Professor, Ehime University
1409	T Kawahara	Professor, School of Informatics, Kyoto University
1410	TK Lam	PhD student, Heidelberg University
1411	T Kocmi	Senior Researcher, Microsoft
1412	T Lavergne	Associate Professor of Computer Science, LIMSI-CNRS
1413	TLE Tang	Siemens
1414	TL Ha	Zoom Video Communications
1415	T Liu	Distinguished Research Professor of Computer Science, University of Georgia
1416	T Maniar	Uber
1417	T Marco	Zoom Video Communications
1418	TM Cotet	TikTok
1419	T Mickus	University of Helsinki
1420	T Musil	Charles University, Prague
1421	T Nakazawa	The University of Tokyo
1422	T Nguyen	AWS
1423	T Ninomiya	Ehime University, Professor
1424	T Niu	Salesforce Research
1425	TN Le	Ph.D. in Cognitive Computer Science, Université du Québec à Montréal, Canada
1426	T Novotná	Universite libre de Bruxelles
1427	TN Sainath	Principal Research Scientist, Google
1428	T Ord	Future of Humanity Institute, University of Oxford
1429	T Pasini	NLP Research Scientist
1430	TP Tan	Universiti Sains Malaysia
1431	T Qin	Senior Principal Research Manager, Microsoft Research Asia
1432	TQ Nguyen	AWS
1433	T Racharak	Japan Advanced Institute of Science and Technology
1434	T Ruzsics	University of Zurich
1435	T Sara	Head of Research Unit, Fondazione Bruno Kessler
1436	TS Chua	National University of Singapore
1437	T Sellam	Google Research
1438	T Shen	University of Washington
1439	T Shinozaki	Tokyo Institute of Technology
1440	TS Juzek	Kauz Linguistic Technologies
1441	T Srinivasan	University of Southern California
1442	T Tang	Renmin University of China
1443	TTH Nguyen	PTITHCM
1444	T Vaidhya	Indian Institute of Technology Kharagpur
1445	T Vu	Amazon Alexa AI
1446	T Vu	Monash University
1447	TW Chang	Kyonggi University
1448	T Whang	Department of Computer Science and Engineering, Korea University
1449	T Xiao	Professor in Computer Science, Northeastern University (CN)
1450	TY Hsu	Pennsylvania State University
1451	TY Liu	Distinguished Scientist, Microsoft Research | IEEE Fellow | ACM Fellow | AAIA Fellow
1452	T Zenkel	Lilt
1453	T Zhang	HKUST
1454	T Zhang	Beijing Institute of Technology
1455	T Zhao	Binjiang Institute of Zhejiang University, Research Scientist & Director of Om AI Lab.
1456	U Germann	School of Informatics, University of Edinburgh
1457	VA Trinh	CUNY Graduate Center
1458	V Bhardwaj	Facebook
1459	VB Iglesias	PhD Researcher, D-REAL, SALIS, Dublin City University
1460	V Braverman	Associate Professor of Computer Science, Johns Hopkins University
1461	V Briva Iglesias	PhD Researcher, D-REAL, SALIS, Dublin City University
1462	VCD Hoang	Applied Scientist at Oracle
1463	V Chaudhary	Microsoft Turing
1464	VD Solovyev	Kazan Federal University
1465	V Gangal	Carnegie Mellon University
1466	V Gupta	Graduate Student, School of Computing, University of Utah
1467	V Hangya	Ludwig Maximilian University of Munich
1468	V Haralampieva	Imperial College London
1469	VH Nguyen	University of Engineering and Technology, Vietnam National University, Hanoi
1470	V Hoste	Professor of computational linguistics, Ghent University
1471	V Kappatos	Associate Professor, Head of Constructural and Infrastructure Research in Maritime and Air Transport
1472	V Kocijan	University of Oxford
1473	V Logacheva	Skoltech
1474	V Malykh	Kazan Federal University
1475	VM Sánchez-Cartagena	Assistant professor, Universitat d'Alacant
1476	V Mujadia	IIIT-Hyderabad
1477	V Nastase	University of Geneva
1478	VOK Li	The University of Hong Kong
1479	V Papavassiliou	Institute for Language and Speech Processing
1480	V Peddinti	PhD Student, Johns Hopkins University
1481	VP Moreira	Associate Professor, UFRGS
1482	V Raheja	Grammarly
1483	V Raunak	Research Scientist, Microsoft
1484	V Sosoni	Ionian University
1485	V Verma	DAV University
1486	V Zouhar	ETH Zürich, Charles University, Saarland University
1487	W Aransa	Post Doc at LIUM, University du Maine, Le Mans, France
1488	W Aziz	University of Amsterdam
1489	W Chan	Google Brain
1490	W Chen	Tsinghua University, Bytedance
1491	WE Zhang	Lecturer, The University of Adelaide
1492	W Gajewski	Google Research Europe
1493	W Han	National University of Singapore
1494	W Huang	The university of electronic science and technoloty of china
1495	WI Cho	Seoul National University, Department of Electrical and Computer Engineering and INMC
1496	W Jiao	Computer Science & Engineering, The Chinese University of Hong Kong
1497	WK Lee	Pohang University of Science and Technology, POSTECH
1498	W Lam	The Chinese University of Hong Kong
1499	W Lane	Harvard University, MSPRL Director (Mass Spectrometry & Proteomics Resource Lab)
1500	W Lee	Pohang University of Science and Technology, POSTECH
1501	W Li	The Chinese University of Hong Kong, Shenzhen
1502	W Longyue	Tencent AI Lab
1503	W Luo	Alibaba
1504	W Tao	Fudan University
1505	W Tian	University of Electronic Science and Technology of China
1506	W Wang	Microsoft Research
1507	W Wang	X-Mansion
1508	W Wang	Ph.D. Student, University of California Santa Barbara
1509	W Wu	The Chinese University of Hong Kong
1510	W Wu	Master Candidate of Computer Science, Peking University
1511	W Xie	Beijing Language and Culture University
1512	W Xu	Associate Professor, IIIS, Tsinghua University
1513	W Yang	Nanyang Technological University
1514	W Zaghouani	Assistant Professor, Hamad Bin Khalifa University
1515	W Zhang	Samsung Research America
1516	W Zhang	Smart Platform Product Department of Tencent Inc.
1517	W Zhao	Heidelberg Institute for Theoretical Studies, Heidelberg University
1518	W Zhou	ETH Zurich
1519	W Zou	NLP engineer, Netease AI Lab
1520	X Chang	Director of The ReLER Lab and Professor in Artificial Intelligence, University of Technology Sydney
1521	X Chen	Meta AI, Cornell University
1522	X Chen	Huawei Technologies Co.，Ltd.
1523	X Chu	Professor, HKUST(GZ)
1524	X Dai	Nanjing University
1525	X Feng	Jinlin University
1526	X Gao	Research Assistant Professor, University of Pittsburgh
1527	X Garcia	Google
1528	X Geng	Nanjing University
1529	X Geng	Microsoft
1530	X Guo	辽宁石油化工大学 & New Jersey Institute of Technology
1531	X He	Monash University
1532	X Li	PhD Student, University of Texas at Dallas
1533	X Li	Apple
1534	X Li	Meta AI
1535	X Liu	Assistant Professor of Computer Science, Harbin Institute of Technology (Shenzhen)
1536	XL Mao	Beijing Institute of Technology
1537	X Lu	University of Washington
1538	X Ma	Johns Hopkins University
1539	X Niu	Amazon AI
1540	X Ren	Assistant Professor of Computer Science, Viterbi Early Career Chair, USC
1541	X Saralegi	Orai NLP teknologiak
1542	X Saralegi Urizar	Orai NLP teknologiak
1543	X Sheng	University of Science and Technology of China
1544	X Shi	Xiamen University
1545	X Shi	Beijing Institute of Technology
1546	X Soto	PhD student at HiTZ - Ixa in the University of the Basque Country (EHU/UPV).
1547	X Sun	Peking University
1548	X Sun	Associate Professor, Peking University
1549	X Tan	Soochow University
1550	X Tan	Principal Research Manager, Microsoft Research Asia
1551	X Tannier	Sorbonne Université, INSERM, LIMICS
1552	X Wan	Peking University
1553	X Wang	Tencent AI Lab
1554	X Wang	Researcher,  National Institute of Information and Communications Technology (Kyoto, Japan)
1555	X Wang	Fudan University
1556	X Wei	Baidu Inc.
1557	X Wei	Alibaba Group
1558	X Xia	Director of Software Engineering Application Technology Lab, Huawei, China
1559	XY Dai	Nanjing University
1560	X Yi	Microsoft
1561	X Yu	University of Washington
1562	X Zhang	Facebook
1563	X Zhang	PhD student of Electronics Engineering, Tsinghua University
1564	X Zhang	Microsoft Research
1565	X Zhang	Ph.D. student of Computer Science, Johns Hopkins University
1566	X Zheng	Tencent AI Lab
1567	X Zheng	GE, Principal Engineer
1568	X Zhou	Master of computer science, Fudan University
1569	X Zhu	ECE & Ingenuity Labs Research Institute, Queen's University, Canada
1570	Y Adi	The Hebrew University
1571	Y Arase	Osaka University
1572	Y Belinkov	Technion
1573	Y Berzak	Technion, MIT
1574	Y Bisk	Carnegie Mellon University
1575	Y Bizzoni	Göteborg Universität
1576	Y Cao	Tencent Corporation
1577	Y Chen	Saarland University
1578	Y Chen	Shanghai University of Finance and Economics
1579	Y Cheng	Google Research
1580	YC Hsu	Assistant Professor, Informatics Institute, University of Amsterdam
1581	Y Du	University of Science and Technology of China
1582	Y Fan	University of Science and Technology of China
1583	Y Fang	McMaster University
1584	Y Feng	Professor of Institute of Computing Technology, Chinese Academy of Sciences
1585	YF Hassan	Professor of Computer Science - Alexandria University- Pharos University
1586	Y Gao	Doctoral Student at Institute of Neuroinformatics, University of Zurich and ETH Zurich
1587	Y Goldberg	Professor, Bar Ilan University
1588	Y Gong	Horizon Robotics, Inc.
1589	Y Graham	Assistant Professor, Trinity College Dublin
1590	Y He	Microsoft
1591	Y He	PhD Student in Computer Science, University of Oxford
1592	Y Hu	LatticeFlow AG
1593	YJ Choe	PhD Student, Carnegie Mellon University
1594	YJ Kim	Microsoft (Machine Translation Group), Georgia Tech. (CSE)
1595	YJ Lee	Associate Professor of Computer Sciences, UW-Madison
1596	Y Kant	University of Toronto
1597	Y Kantor	IBM
1598	Y Katz	IBM Research AI
1599	Y Kim	Postech
1600	Y Kim	Assistant Professor, MIT
1601	YK Thu	LST Lab., NECTEC (Thai), NLP Research Lab, UTYCC (Myanmar), Language Understanding Lab., (Myanmar)
1602	Y Lepage	professeur, IPS, université Waseda
1603	Y Li	Northeastern University
1604	Y Li	The Chinese University of Hong Kong
1605	Y Liu	Professor of Computer Science, Tsinghua University
1606	Y Liu	University Leadership Forum Chair Professor, Nanyang Technological University
1607	Y Liu	Amazon
1608	Y Lu	PhD candidate, University of Cambridge
1609	Y Lu	University of Pennsylvania, Amazon
1610	Y Moslem	ADAPT Centre, Dublin City University
1611	YN Dauphin	Google AI
1612	Y Nishimura	Nara Institute Science and Technology
1613	Y Pruksachatkun	New York University
1614	Y Scherrer	Department of Digital Humanities, University of Helsinki
1615	Y Shi	Microsoft
1616	Y Shi	Professor
1617	Y Sun	EECS, UC Berkeley
1618	Y Sung	Research Scientist, Google
1619	Y Tan	Professor, Peking University
1620	Y Tian	Software Engineer, Google Inc.
1621	Y Tong	Institute of Artificial Intelligence, Beihang University
1622	Y Vyas	Amazon AI
1623	Y Wan	NLP2CT Lab, University of Macau
1624	Y Wang	Microsoft
1625	Y Wang	Faculty of Information Technology, Beijing University of Technology
1626	Y Wang	NLP Reseacher, Unisound
1627	Y Wang	Shanghai Jiao Tong University
1628	Y Wang	Microsoft Research
1629	Y Wang	Microsoft Research Asia
1630	Y Wu	Huawei Noah's Ark Lab
1631	Y Xia	Microsoft Research Asia
1632	Y Xiang	Peng Cheng Laboratory, China
1633	Y Xing	NTNU
1634	Y Yang	Hanshin University
1635	Y Yang	Apple AI/ML
1636	Y Yordanov	DPhil Student in Computer Science at the University of Oxford
1637	Y Zhai	Postdoctoral Researcher, Beijing Foreign Studies University
1638	Y Zhang	Westlake University
1639	Y Zhang	Google
1640	Y Zhang	Alibaba.inc
1641	Y Zhang	Principal Applied Scientist, AWS AI HLT
1642	Y Zhang	Research Scientist, ByteDance
1643	Y Zhang	Research Scientist @ Apple MLR
1644	Y Zhao	Institute of Automation, Chinese Academy of Sciences
1645	Y Zhou	Senior Research Director, Salesforce Research
1646	Y Zhu	University of Science and Technology of China
1647	Y Zou	Fudan University
1648	Z Abidin	Assistant Professor of Natural Language Processing at Universitas Teknokrat Indonesia
1649	Ž Agić	Unity
1650	Z Beloki	Elhuyar
1651	Z Chen	School of Computer Science, Fudan University
1652	Z Chen	Renmin University of China
1653	Z Chi	Beijing Institute of Technology
1654	ZG Yang	Pázmány Péter Catholic University
1655	Z He	Researcher of Natural Language Processing, Baidu
1656	Z Hu	Assistant Professor at UC San Diego
1657	Z Hu	Carnegie Mellon University
1658	Z Jiang	Johns Hopkins University
1659	Z Jin	Dept. of Civil and Environmental Engineering., KAIST
1660	Z Jin	Max Planck Institute & ETH Zürich
1661	Z Li	Engineer, 2012 Lab, Huawei Co. LTD
1662	Z Li	Beihang University
1663	Z Li	Soochow University
1664	Z Li	Alibaba
1665	Z Li	School of Computer Science and Engineering, University of New South Wales
1666	Z Li	Imperial College London
1667	Z Li	Shanghai Jiao Tong University
1668	Z Li	Tencent
1669	Z Lin	ByteDance AI Lab
1670	Z Liu	Northeastern University
1671	Z Liu	University of Georgia
1672	Z Liu	Zhejiang University
1673	Z Mao	Kyoto University
1674	Z Su	Professor of Computer Science, ETH Zurich
1675	Z Sun	Zhongguancun Laboratory
1676	Z Sun	ByteDance AI Lab
1677	Z Tan	Tsinghua University
1678	Z Tang	suchow university
1679	Z Tu	Principal Researcher, Tencent AI Lab
1680	Z Wang	Professor at College of Computer Science and Technology, Zhejiang University
1681	Z Wang	Imperial College London
1682	Z Wang	Michigan State University
1683	Z Wu	Unknown affiliation
1684	Z Wu	Philips Research; University of Cagliari
1685	Z Wu	Engineer, 2012 Lab, Huawei Co. LTD
1686	Z Xie	Sapling.ai
1687	Z Xing	Senior Principal Research Scientist, CSIRO's Data61 & Australian National University
1688	Z Xu	Harbin Institute of Technology, Shenzhen & Peng Cheng Lab
1689	Z Yang	tencent
1690	Z Yang	Tsinghua University
1691	Z Yang	Carnegie Mellon University
1692	ZY Dou	University of California, Los Angeles
1693	Z Yuan	Lecturer (Assistant Professor), King’s College London
1694	Z Yu	Columbia University
1695	Z Yu	Engineer, 2012 Lab, Huawei Co. LTD
1696	Z Zeng	Beijing University of Posts and Telecommunications
1697	Z Zeng	Ph.D. Candidate, University of Illinois at Urbana-Champaign
1698	Z Zhang	Carnegie Mellon University
1699	Z Zhang	Shanghai Jiao Tong University
1700	Z Zhang	LIMSI, CNRS, Université Paris-Saclay
1701	Z Zhang	Tencent AI Lab
1702	Z Zheng	ByteDance AI Lab
1703	ZZ Hlaing	School of Information Technology,  King Mongkut's Institute of Technology
1704	Z Zhu	Unknown affiliation
1705	АП Наумова	Volgograd State University (Волгоградский государственный университет)
1706	ВА Митягина	Волгоградский государственный университет (Volgograd State University)
